"source","target"
"At dawn, Lady Serin returned to Moonspire.","새벽에 세린느는 달빛탑으로 돌아왔다."
"Kael placed the oathstone on the table.","카일은 맹약석을 탁자 위에 올려놓았다."
"The Order had survived Starfall, but not without a cost.","성광 기사단은 스타폴을 견뎌 냈지만 대가가 없었던 것은 아니다."
"""Commander, may I stay?"" Kael asked.","""지휘관님, 제가 남아도 되겠습니까?"" 케일이 물었다."
"Serin smiled. ""By the stars, you already belong here.""","세린이 미소 지었다. ""별들에 맹세코, 너는 이미 이곳의 일원이야."""
"Beyond Moonspire, the first light touched the forest.","월광첨탑 너머로 첫 햇살이 숲을 비추었다."
"Serin stood before the gates of Moonspire.","셀린은 문스파이어의 성문 앞에 섰다."
"Kael hurried after her, the oathstone cold in his hand.","케일은 차가운 맹세의 돌을 손에 쥔 채 그녀를 뒤따라 달렸다."
"""Commander, the Starward Order is waiting,"" Kael said.","""사령관님, 별빛 기사단이 기다리고 있습니다."" 카엘이 말했다."
"""By the stars, we will return,"" Serin answered.","""별에 걸고, 우리는 돌아올 거야."" 세린이 대답했다."
"The scars of Starfall still marked the stone walls.","별의 추락이 남긴 상처가 아직 돌벽에 새겨져 있었다."
"Serin nodded to Kael. Serin had not forgotten his promise.","세린은 카엘에게 고개를 끄덕였다. 셀린은 그의 약속을 잊지 않았다."